C9401|UF39468935|20251113|06:54:12|16070446|長興路加油站有限公司|08709576|08709576|07|0||||Y||6695|95Plus無鉛|37.68|28.6|1078|1|1027|0|0|1|0.05|51|1078|0|
C9401|UF39468936|20251113|07:01:18|16070446|長興路加油站有限公司|0000000000|0000|07|0||||Y||4923|95Plus無鉛|3.66|28.6|105|1|105|0|0|1|0.05|0|105|0|
C9401|UF39468937|20251113|07:02:45|16070446|長興路加油站有限公司|0000000000|0000|07|0|3J0002|/8L4CK5R|/8L4CK5R|N||0040|92無鉛|4.64|27.1|126|1|126|0|0|1|0.05|0|126|0|7374
C0401|UF39468938|20251113|07:06:18|16070446|長興路加油站有限公司|0000000000|0000|07|0||||Y||4159|95Plus無鉛|5.43|28.6|155|1|155|0|0|1|0.05|0|155|0|
C0401|UF39468939|20251113|07:07:06|16070446|長興路加油站有限公司|0000000000|0000|07|0||||Y||1409|95Plus無鉛|3.55|28.6|102|1|102|0|0|1|0.05|0|102|0|
C0401|UF39468940|20251113|07:10:36|16070446|長興路加油站有限公司|0000000000|0000|07|0||||Y||2315|95Plus無鉛|3.49|28.6|100|1|100|0|0|1|0.05|0|100|0|
C0401|UF39468941|20251113|07:11:22|16070446|長興路加油站有限公司|0000000000|0000|07|0||||Y||2277|92無鉛|3.68|27.1|100|1|100|0|0|1|0.05|0|100|0|
C0401|UF39466091|20251113|07:19:44|16070446|長興路加油站有限公司|16446422|16446422|07|0||||Y||1379|柴油|68.64|25.5|1750|1|1667|0|0|1|0.05|83|1750|0|
C0401|UF39468942|20251113|07:29:45|16070446|長興路加油站有限公司|0000000000|0000|07|0||||Y||4665|92無鉛|10.01|27.1|271|1|271|0|0|1|0.05|0|271|0|
C0401|UF39468943|20251113|07:31:14|16070446|長興路加油站有限公司|0000000000|0000|07|0||||Y||8977|95Plus無鉛|30.01|28.6|858|1|858|0|0|1|0.05|0|858|0|6056
C0401|UF39468944|20251113|07:35:19|16070446|長興路加油站有限公司|0000000000|0000|07|0||||Y||4411|92無鉛|6.26|27.1|170|1|170|0|0|1|0.05|0|170|0|
C0401|UF39468945|20251113|07:42:21|16070446|長興路加油站有限公司|0000000000|0000|07|0||||Y||7320|95Plus無鉛|3.48|28.6|100|1|100|0|0|1|0.05|0|100|0|
C0401|UF39468946|20251113|07:47:12|16070446|長興路加油站有限公司|0000000000|0000|07|0||||Y||4027|95Plus無鉛|3.49|28.6|100|1|100|0|0|1|0.05|0|100|0|
C0401|UF39468947|20251113|07:51:12|16070446|長興路加油站有限公司|82036364|82036364|07|0||||Y||7539|92無鉛|29.87|27.1|780|1|743|0|0|1|0.05|37|780|30|
C0401|UF39468948|20251113|07:55:21|16070446|長興路加油站有限公司|0000000000|0000|07|0|3J0002|/DKP9279|/DKP9279|N||2383|95Plus無鉛|56.43|28.6|1614|1|1614|0|0|1|0.05|0|1614|0|
C0401|UF39468949|20251113|07:59:19|16070446|長興路加油站有限公司|0000000000|0000|07|0||||Y||9606|92無鉛|3.55|27.1|96|1|96|0|0|1|0.05|0|96|0|
C0401|UF39468950|20251113|08:02:55|16070446|長興路加油站有限公司|0000000000|0000|07|0|3J0002|/WQSD+3R|/WQSD+3R|N||2725|95Plus無鉛|49.75|28.6|1383|1|1383|0|0|1|0.05|0|1383|40|
C0401|UF39468951|20251113|08:04:35|16070446|長興路加油站有限公司|0000000000|0000|07|0|3J0002|/T2F6ZTE|/T2F6ZTE|N||4160|98無鉛|4.55|30.6|139|1|139|0|0|1|0.05|0|139|0|3503
C0401|UF39468952|20251113|08:12:39|16070446|長興路加油站有限公司|0000000000|0000|07|0||||Y||2003|95Plus無鉛|3.50|28.6|100|1|100|0|0|1|0.05|0|100|0|
C0401|UF39468953|20251113|08:13:25|16070446|長興路加油站有限公司|28587740|28587740|07|0||||Y||3200|95Plus無鉛|29.70|28.6|825|1|786|0|0|1|0.05|39|825|24|0986
C0401|UF39468954|20251113|08:36:41|16070446|長興路加油站有限公司|36316762|36316762|07|0||||Y||1989|92無鉛|4.79|27.1|130|1|124|0|0|1|0.05|6|130|0|
C0401|UF39468955|20251113|08:37:55|16070446|長興路加油站有限公司|0000000000|0000|07|0|3J0002|/K36NTE7|/K36NTE7|N||6500|95Plus無鉛|5.07|28.6|145|1|145|0|0|1|0.05|0|145|0|
C0401|UF39468956|20251113|08:45:44|16070446|長興路加油站有限公司|0000000000|0000|07|0||||Y||6539|95Plus無鉛|2.97|28.6|85|1|85|0|0|1|0.05|0|85|0|
C0401|UF39468957|20251113|08:48:32|16070446|長興路加油站有限公司|0000000000|0000|07|0|3J0002|/XGEZYFL|/XGEZYFL|N||0699|92無鉛|18.45|27.1|500|1|500|0|0|1|0.05|0|500|0|
C0401|UF39468958|20251113|08:53:11|16070446|長興路加油站有限公司|16380202|16380202|07|0||||Y||6413|95Plus無鉛|37.38|28.6|1069|1|1018|0|0|1|0.05|51|1069|0|7150
C0401|UF39468959|20251113|08:53:52|16070446|長興路加油站有限公司|0000000000|0000|07|0|3J0002|/3L7VPB6|/3L7VPB6|N||9043|95Plus無鉛|3.49|28.6|100|1|100|0|0|1|0.05|0|100|0|
C0401|UF39468960|20251113|08:53:59|16070446|長興路加油站有限公司|0000000000|0000|07|0|3J0002|/3L7VPB6|/3L7VPB6|N||7115|95Plus無鉛|3.48|28.6|100|1|100|0|0|1|0.05|0|100|0|
C0401|UF39468961|20251113|08:58:04|16070446|長興路加油站有限公司|0000000000|0000|07|0||||Y||0119|95Plus無鉛|5.05|28.6|144|1|144|0|0|1|0.05|0|144|0|
C0401|UF39468962|20251113|08:58:47|16070446|長興路加油站有限公司|0000000000|0000|07|0||||Y||1289|95Plus無鉛|17.47|28.6|500|1|500|0|0|1|0.05|0|500|0|
C0401|UF39468964|20251113|09:05:29|16070446|長興路加油站有限公司|0000000000|0000|07|0||||Y||2431|95Plus無鉛|7.61|28.6|218|1|218|0|0|1|0.05|0|218|0|
C0401|UF39468965|20251113|09:05:36|16070446|長興路加油站有限公司|0000000000|0000|07|0||||Y||5715|95Plus無鉛|17.48|28.6|500|1|500|0|0|1|0.05|0|500|0|
C0401|UF39468963|20251113|09:05:10|16070446|長興路加油站有限公司|0000000000|0000|07|0|3J0002|/AA7FZ5L|/AA7FZ5L|N||1605|95Plus無鉛|25.00|28.6|702|1|702|0|0|1|0.05|0|702|0|0342
C0401|UF39468966|20251113|09:07:54|16070446|長興路加油站有限公司|0000000000|0000|07|0|3J0002|/M9BX73Q|/M9BX73Q|N||0839|95Plus無鉛|17.48|28.6|500|1|500|0|0|1|0.05|0|500|0|2057
C0401|UF39468967|20251113|09:19:04|16070446|長興路加油站有限公司|0000000000|0000|07|0||||Y||3643|95Plus無鉛|3.48|28.6|100|1|100|0|0|1|0.05|0|100|0|
C0401|UF39468968|20251113|09:31:27|16070446|長興路加油站有限公司|0000000000|0000|07|0||||Y||3411|95Plus無鉛|53.50|28.6|1530|1|1530|0|0|1|0.05|0|1530|0|
C0401|UF39468969|20251113|09:33:19|16070446|長興路加油站有限公司|0000000000|0000|07|0||||Y||8586|95Plus無鉛|3.48|28.6|100|1|100|0|0|1|0.05|0|100|0|
C0401|UF39468970|20251113|09:45:26|16070446|長興路加油站有限公司|91406681|91406681|07|0||||Y||8695|92無鉛|31.71|27.1|859|1|818|0|0|1|0.05|41|859|0|4835
C0401|UF39466092|20251113|09:49:25|16070446|長興路加油站有限公司|02632468|02632468|07|0||||Y||3575|柴油|55.93|25.5|1426|1|1358|0|0|1|0.05|68|1426|0|0895
C0401|UF39468971|20251113|10:01:28|16070446|長興路加油站有限公司|0000000000|0000|07|0||||Y||8763|92無鉛|38.30|27.1|1000|1|1000|0|0|1|0.05|0|1000|38|
C0401|UF39468972|20251113|10:10:42|16070446|長興路加油站有限公司|0000000000|0000|07|0||||Y||9299|95Plus無鉛|1.74|28.6|50|1|50|0|0|1|0.05|0|50|0|
C0401|UF39466093|20251113|10:16:45|16070446|長興路加油站有限公司|94255574|94255574|07|0||||Y||3460|柴油|23.52|25.5|600|1|571|0|0|1|0.05|29|600|0|
C0401|UF39468973|20251113|10:41:04|16070446|長興路加油站有限公司|0000000000|0000|07|0|3J0002|/SHA6KMS|/SHA6KMS|N||5667|95Plus無鉛|3.50|28.6|100|1|100|0|0|1|0.05|0|100|0|3438
C0401|UF39468974|20251113|10:41:44|16070446|長興路加油站有限公司|0000000000|0000|07|0|3J0002|/JR6FR8N|/JR6FR8N|N||8731|98無鉛|4.74|30.6|145|1|145|0|0|1|0.05|0|145|0|
C0401|UF39468975|20251113|10:44:25|16070446|長興路加油站有限公司|0000000000|0000|07|0||||Y||4850|92無鉛|3.70|27.1|100|1|100|0|0|1|0.05|0|100|0|
C0401|UF39466094|20251113|10:52:58|16070446|長興路加油站有限公司|86248157|86248157|07|0||||Y||2727|柴油|70.57|25.5|1800|1|1714|0|0|1|0.05|86|1800|0|
C0401|UF39468976|20251113|11:05:03|16070446|長興路加油站有限公司|0000000000|0000|07|0||||Y||5403|92無鉛|4.61|27.1|125|1|125|0|0|1|0.05|0|125|0|
C0401|UF39468977|20251113|11:10:28|16070446|長興路加油站有限公司|0000000000|0000|07|0||||Y||8831|95Plus無鉛|3.13|28.6|90|1|90|0|0|1|0.05|0|90|0|
C0401|UF39468978|20251113|11:12:26|16070446|長興路加油站有限公司|0000000000|0000|07|0||||Y||7503|92無鉛|18.46|27.1|500|1|500|0|0|1|0.05|0|500|0|
C0401|UF39468979|20251113|11:20:25|16070446|長興路加油站有限公司|0000000000|0000|07|0||||Y||2950|92無鉛|18.44|27.1|500|1|500|0|0|1|0.05|0|500|0|
C0401|UF39468980|20251113|11:23:39|16070446|長興路加油站有限公司|0000000000|0000|07|0|3J0002|/A68W2WB|/A68W2WB|N||4695|95Plus無鉛|3.48|28.6|99|1|99|0|0|1|0.05|0|99|0|4900
C0401|UF39466095|20251113|11:31:45|16070446|長興路加油站有限公司|33031996|33031996|07|0||||Y||9250|柴油|51.75|25.5|1320|1|1257|0|0|1|0.05|63|1320|0|
C0401|UF39466096|20251113|11:39:02|16070446|長興路加油站有限公司|80290332|80290332|07|0||||Y||7067|柴油|67.46|25.5|1720|1|1638|0|0|1|0.05|82|1720|0|
C0401|UF39466097|20251113|11:43:15|16070446|長興路加油站有限公司|50625753|50625753|07|0||||Y||9030|柴油|39.21|25.5|1000|1|952|0|0|1|0.05|48|1000|0|
C0401|UF39468981|20251113|11:44:44|16070446|長興路加油站有限公司|91682601|91682601|07|0||||Y||2039|95Plus無鉛|41.21|28.6|1179|1|1123|0|0|1|0.05|56|1179|0|5696
C0401|UF39468982|20251113|11:46:14|16070446|長興路加油站有限公司|0000000000|0000|07|0||||Y||3423|95Plus無鉛|4.89|28.6|140|1|140|0|0|1|0.05|0|140|0|
C0401|UF39466098|20251113|11:46:57|16070446|長興路加油站有限公司|23853557|23853557|07|0||||Y||8861|柴油|39.21|25.5|1000|1|952|0|0|1|0.05|48|1000|0|
C0401|UF39468983|20251113|11:51:01|16070446|長興路加油站有限公司|0000000000|0000|07|0||||Y||2758|95Plus無鉛|26.22|28.6|750|1|750|0|0|1|0.05|0|750|0|
C0401|UF39468984|20251113|12:01:17|16070446|長興路加油站有限公司|27839091|27839091|07|0||||Y||1603|92無鉛|2.78|27.1|75|1|71|0|0|1|0.05|4|75|0|
C0401|UF39468985|20251113|12:12:54|16070446|長興路加油站有限公司|0000000000|0000|07|0||||Y||7665|95Plus無鉛|44.40|28.6|1270|1|1270|0|0|1|0.05|0|1270|0|6929
C0401|UF39468986|20251113|12:18:17|16070446|長興路加油站有限公司|95128148|95128148|07|0||||Y||8037|95Plus無鉛|32.41|28.6|927|1|883|0|0|1|0.05|44|927|0|
C0401|UF39468987|20251113|12:19:13|16070446|長興路加油站有限公司|13774576|13774576|07|0||||Y||2606|92無鉛|35.62|27.1|965|1|919|0|0|1|0.05|46|965|0|
C0401|UF39468988|20251113|12:32:16|16070446|長興路加油站有限公司|66403335|66403335|07|0||||Y||5883|95Plus無鉛|34.12|28.6|976|1|930|0|0|1|0.05|46|976|0|
C0401|UF39466099|20251113|12:32:56|16070446|長興路加油站有限公司|0000000000|0000|07|0||||Y||8819|柴油|19.60|25.5|500|1|500|0|0|1|0.05|0|500|0|
C0401|UF39468989|20251113|12:37:57|16070446|長興路加油站有限公司|53986891|53986891|07|0||||Y||2148|98無鉛|47.34|30.6|1411|1|1344|0|0|1|0.05|67|1411|38|3128
C0401|UF39468990|20251113|12:39:57|16070446|長興路加油站有限公司|90269647|90269647|07|0||||Y||3905|AD BLUE|9.00|19.0|171|1|163|0|0|1|0.05|8|171|0|
C0401|UF39468991|20251113|12:40:47|16070446|長興路加油站有限公司|21541684|21541684|07|0||||Y||7052|92無鉛|7.36|27.1|200|1|190|0|0|1|0.05|10|200|0|
C0401|UF39466100|20251113|12:46:43|16070446|長興路加油站有限公司|55698157|55698157|07|0||||Y||2775|柴油|78.41|25.5|2000|1|1905|0|0|1|0.05|95|2000|0|
C0401|UF39468992|20251113|13:03:15|16070446|長興路加油站有限公司|0000000000|0000|07|0|3J0002|/C4SL35P|/C4SL35P|N||2955|92無鉛|6.28|27.1|170|1|170|0|0|1|0.05|0|170|0|
C0401|UF39468993|20251113|13:07:01|16070446|長興路加油站有限公司|0000000000|0000|07|0||||Y||4568|92無鉛|5.08|27.1|138|1|138|0|0|1|0.05|0|138|0|
C0401|UF39468994|20251113|13:08:02|16070446|長興路加油站有限公司|27309699|27309699|07|0||||Y||3663|98無鉛|58.38|30.6|1787|1|1702|0|0|1|0.05|85|1787|0|0794
C0401|UF39468995|20251113|13:09:05|16070446|長興路加油站有限公司|25052406|25052406|07|0||||Y||0950|95Plus無鉛|4.28|28.6|122|1|116|0|0|1|0.05|6|122|0|
C0401|UF39468996|20251113|13:09:45|16070446|長興路加油站有限公司|25056402|25056402|07|0||||Y||1695|95Plus無鉛|4.28|28.6|122|1|116|0|0|1|0.05|6|122|0|
C0401|UF39468997|20251113|13:14:14|16070446|長興路加油站有限公司|0000000000|0000|07|0||||Y||2233|95Plus無鉛|3.73|28.6|107|1|107|0|0|1|0.05|0|107|0|
C0401|UF39468998|20251113|13:15:05|16070446|長興路加油站有限公司|25003601|25003601|07|0||||Y||2465|98無鉛|32.98|30.6|983|1|936|0|0|1|0.05|47|983|26|2974
C0401|UF39468999|20251113|13:16:40|16070446|長興路加油站有限公司|0000000000|0000|07|0||||Y||8835|98無鉛|38.97|30.6|1192|1|1192|0|0|1|0.05|0|1192|0|8801
C0401|UF39469000|20251113|13:22:28|16070446|長興路加油站有限公司|0000000000|0000|07|0||||Y||2475|95Plus無鉛|34.97|28.6|1000|1|1000|0|0|1|0.05|0|1000|0|
C0401|UF39469001|20251113|13:24:07|16070446|長興路加油站有限公司|0000000000|0000|07|0||||Y||5882|92無鉛|2.94|27.1|80|1|80|0|0|1|0.05|0|80|0|
C0401|UF39469002|20251113|13:26:00|16070446|長興路加油站有限公司|0000000000|0000|07|0||||Y||5675|95Plus無鉛|45.09|28.6|1200|1|1200|0|0|1|0.05|0|1200|90|
C0401|UF39469003|20251113|13:39:26|16070446|長興路加油站有限公司|0000000000|0000|07|0|3J0002|/NNMP6SG|/NNMP6SG|N||6253|92無鉛|3.52|27.1|96|1|96|0|0|1|0.05|0|96|0|
C0401|UF39469004|20251113|13:45:55|16070446|長興路加油站有限公司|56692238|56692238|07|0||||Y||3695|95Plus無鉛|39.91|28.6|1141|1|1087|0|0|1|0.05|54|1141|0|
C0401|UF39466101|20251113|14:08:24|16070446|長興路加油站有限公司|12623853|12623853|07|0||||Y||7699|柴油|50.97|25.5|1300|1|1238|0|0|1|0.05|62|1300|0|
C0401|UF39469005|20251113|14:10:48|16070446|長興路加油站有限公司|0000000000|0000|07|0||||Y||7715|95Plus無鉛|6.01|28.6|172|1|172|0|0|1|0.05|0|172|0|
C0401|UF39469006|20251113|14:38:29|16070446|長興路加油站有限公司|0000000000|0000|07|0||||Y||4449|95Plus無鉛|4.55|28.6|130|1|130|0|0|1|0.05|0|130|0|
C0401|UF39469007|20251113|15:03:33|16070446|長興路加油站有限公司|0000000000|0000|07|0||||Y||9806|92無鉛|38.85|27.1|1022|1|1022|0|0|1|0.05|0|1022|31|2378
C0401|UF39469008|20251113|15:04:55|16070446|長興路加油站有限公司|0000000000|0000|07|0||||Y||9115|95Plus無鉛|5.23|28.6|150|1|150|0|0|1|0.05|0|150|0|
C0401|UF39466102|20251113|15:12:21|16070446|長興路加油站有限公司|53839147|53839147|07|0||||Y||1017|柴油|49.02|25.5|1250|1|1190|0|0|1|0.05|60|1250|0|
C0401|UF39469009|20251113|15:17:41|16070446|長興路加油站有限公司|98989423|98989423|07|0||||Y||5144|92無鉛|30.68|27.1|800|1|762|0|0|1|0.05|38|800|31|
C0401|UF39466103|20251113|15:32:48|16070446|長興路加油站有限公司|0000000000|0000|07|0||||Y||3019|柴油|48.24|25.5|1230|1|1230|0|0|1|0.05|0|1230|0|6403
C0401|UF39469010|20251113|15:33:37|16070446|長興路加油站有限公司|0000000000|0000|07|0||||Y||6845|92無鉛|3.68|27.1|100|1|100|0|0|1|0.05|0|100|0|
C0401|UF39466104|20251113|15:45:40|16070446|長興路加油站有限公司|12646096|12646096|07|0||||Y||2635|柴油|39.20|25.5|1000|1|952|0|0|1|0.05|48|1000|0|
C0401|UF39469011|20251113|15:46:46|16070446|長興路加油站有限公司|0000000000|0000|07|0||||Y||5581|95Plus無鉛|2.96|28.6|85|1|85|0|0|1|0.05|0|85|0|
C0401|UF39469012|20251113|15:47:26|16070446|長興路加油站有限公司|0000000000|0000|07|0||||Y||1187|95Plus無鉛|3.49|28.6|100|1|100|0|0|1|0.05|0|100|0|
C0401|UF39466105|20251113|15:48:52|16070446|長興路加油站有限公司|49709451|49709451|07|0||||Y||1935|柴油|78.43|25.5|2000|1|1905|0|0|1|0.05|95|2000|0|
C0401|UF39469013|20251113|15:53:03|16070446|長興路加油站有限公司|0000000000|0000|07|0||||Y||6414|92無鉛|2.83|27.1|77|1|77|0|0|1|0.05|0|77|0|
C0401|UF39469014|20251113|16:02:35|16070446|長興路加油站有限公司|0000000000|0000|07|0||||Y||8765|95Plus無鉛|2.09|28.6|60|1|60|0|0|1|0.05|0|60|0|
C0401|UF39469015|20251113|16:04:32|16070446|長興路加油站有限公司|24850277|24850277|07|0||||Y||4955|95Plus無鉛|62.93|28.6|1800|1|1714|0|0|1|0.05|86|1800|0|
C0401|UF39469016|20251113|16:05:19|16070446|長興路加油站有限公司|0000000000|0000|07|0||||Y||9779|98無鉛|3.26|30.6|100|1|100|0|0|1|0.05|0|100|0|
C0401|UF39469017|20251113|16:08:13|16070446|長興路加油站有限公司|0000000000|0000|07|0||||Y||1296|95Plus無鉛|3.68|28.6|105|1|105|0|0|1|0.05|0|105|0|
C0401|UF39469018|20251113|16:17:46|16070446|長興路加油站有限公司|0000000000|0000|07|0|3J0002|/AC946ZR|/AC946ZR|N||5903|95Plus無鉛|9.10|28.6|260|1|260|0|0|1|0.05|0|260|0|6022
C0401|UF39469019|20251113|16:18:53|16070446|長興路加油站有限公司|0000000000|0000|07|0||||Y||2682|92無鉛|3.50|27.1|95|1|95|0|0|1|0.05|0|95|0|
C0401|UF39469020|20251113|16:22:14|16070446|長興路加油站有限公司|0000000000|0000|07|0||||Y||0755|95Plus無鉛|16.14|28.6|446|1|446|0|0|1|0.05|0|446|16|
C0401|UF39469021|20251113|16:22:34|16070446|長興路加油站有限公司|0000000000|0000|07|0||||Y||3389|92無鉛|29.53|27.1|800|1|800|0|0|1|0.05|0|800|0|
C0401|UF39469022|20251113|16:22:41|16070446|長興路加油站有限公司|0000000000|0000|07|0||||Y||8777|92無鉛|3.70|27.1|100|1|100|0|0|1|0.05|0|100|0|
C0401|UF39469023|20251113|16:36:38|16070446|長興路加油站有限公司|36055274|36055274|07|0||||Y||6149|98無鉛|48.44|30.6|1482|1|1411|0|0|1|0.05|71|1482|0|3895
C0401|UF39469024|20251113|16:39:06|16070446|長興路加油站有限公司|0000000000|0000|07|0||||Y||8219|95Plus無鉛|4.53|28.6|130|1|130|0|0|1|0.05|0|130|0|
C0401|UF39469025|20251113|16:41:09|16070446|長興路加油站有限公司|0000000000|0000|07|0||||Y||4200|4L特級R68|3.00|465.0|1395|1|1395|0|0|1|0.05|0|1395|0|
C0401|UF39469026|20251113|16:41:27|16070446|長興路加油站有限公司|0000000000|0000|07|0||||Y||0777|95Plus無鉛|2.79|28.6|80|1|80|0|0|1|0.05|0|80|0|
C0401|UF39469027|20251113|16:45:45|16070446|長興路加油站有限公司|70519962|70519962|07|0||||Y||8190|92無鉛|33.22|27.1|900|1|857|0|0|1|0.05|43|900|0|
C0401|UF39469028|20251113|16:58:14|16070446|長興路加油站有限公司|0000000000|0000|07|0||||Y||9267|92無鉛|2.38|27.1|65|1|65|0|0|1|0.05|0|65|0|
C0401|UF39469029|20251113|16:59:59|16070446|長興路加油站有限公司|0000000000|0000|07|0||||Y||4286|95Plus無鉛|17.47|28.6|500|1|500|0|0|1|0.05|0|500|0|
C0401|UF39469030|20251113|17:01:42|16070446|長興路加油站有限公司|82036364|82036364|07|0||||Y||2735|92無鉛|32.58|27.1|850|1|810|0|0|1|0.05|40|850|33|
C0401|UF39469031|20251113|17:03:21|16070446|長興路加油站有限公司|0000000000|0000|07|0||||Y||9426|92無鉛|1.84|27.1|50|1|50|0|0|1|0.05|0|50|0|
C0401|UF39469032|20251113|17:04:38|16070446|長興路加油站有限公司|0000000000|0000|07|0||||Y||6491|95Plus無鉛|3.50|28.6|100|1|100|0|0|1|0.05|0|100|0|
C0401|UF39469033|20251113|17:06:55|16070446|長興路加油站有限公司|0000000000|0000|07|0||||Y||7090|92無鉛|3.70|27.1|100|1|100|0|0|1|0.05|0|100|0|
C0401|UF39469034|20251113|17:10:25|16070446|長興路加油站有限公司|0000000000|0000|07|0||||Y||0325|92無鉛|1.91|27.1|52|1|52|0|0|1|0.05|0|52|0|
C0401|UF39469035|20251113|17:11:27|16070446|長興路加油站有限公司|0000000000|0000|07|0||||Y||2920|95Plus無鉛|3.48|28.6|100|1|100|0|0|1|0.05|0|100|0|
C0401|UF39469036|20251113|17:12:18|16070446|長興路加油站有限公司|97037165|97037165|07|0||||Y||6323|95Plus無鉛|33.15|28.6|948|1|903|0|0|1|0.05|45|948|0|5602
C0401|UF39469037|20251113|17:13:19|16070446|長興路加油站有限公司|94214357|94214357|07|0||||Y||0278|92無鉛|18.82|27.1|510|1|486|0|0|1|0.05|24|510|0|
C0401|UF39469038|20251113|17:14:01|16070446|長興路加油站有限公司|0000000000|0000|07|0||||Y||2713|98無鉛|3.27|30.6|100|1|100|0|0|1|0.05|0|100|0|
C0401|UF39469039|20251113|17:16:06|16070446|長興路加油站有限公司|0000000000|0000|07|0|3J0002|/JUTJHC2|/JUTJHC2|N||7109|95Plus無鉛|17.49|28.6|500|1|500|0|0|1|0.05|0|500|0|
C0401|UF39469040|20251113|17:19:06|16070446|長興路加油站有限公司|23375367|23375367|07|0||||Y||0715|95Plus無鉛|34.95|28.6|1000|1|952|0|0|1|0.05|48|1000|0|
C0401|UF39469041|20251113|17:22:35|16070446|長興路加油站有限公司|0000000000|0000|07|0|3J0002|/SDPKKGV|/SDPKKGV|N||7110|95Plus無鉛|17.50|28.6|500|1|500|0|0|1|0.05|0|500|0|
C0401|UF39469042|20251113|17:23:32|16070446|長興路加油站有限公司|84845290|84845290|07|0||||Y||6419|95Plus無鉛|3.50|28.6|100|1|95|0|0|1|0.05|5|100|0|
C0401|UF39469043|20251113|17:24:11|16070446|長興路加油站有限公司|0000000000|0000|07|0||||Y||3148|95Plus無鉛|1.74|28.6|50|1|50|0|0|1|0.05|0|50|0|
C0401|UF39469044|20251113|17:37:22|16070446|長興路加油站有限公司|0000000000|0000|07|0||||Y||2243|95Plus無鉛|17.47|28.6|500|1|500|0|0|1|0.05|0|500|0|
C0401|UF39469045|20251113|17:39:20|16070446|長興路加油站有限公司|0000000000|0000|07|0||||Y||6875|92無鉛|5.09|27.1|138|1|138|0|0|1|0.05|0|138|0|
C0401|UF39469046|20251113|17:39:58|16070446|長興路加油站有限公司|0000000000|0000|07|0||||Y||4543|92無鉛|36.89|27.1|1000|1|1000|0|0|1|0.05|0|1000|0|
C0401|UF39469047|20251113|17:41:59|16070446|長興路加油站有限公司|0000000000|0000|07|0|3J0002|/CNJU9FR|/CNJU9FR|N||6948|98無鉛|5.07|30.6|155|1|155|0|0|1|0.05|0|155|0|
C0401|UF39469048|20251113|17:43:30|16070446|長興路加油站有限公司|0000000000|0000|07|0||||Y||8315|95Plus無鉛|1.74|28.6|50|1|50|0|0|1|0.05|0|50|0|
C0401|UF39469049|20251113|17:46:17|16070446|長興路加油站有限公司|0000000000|0000|07|0||||Y||9708|95Plus無鉛|34.96|28.6|1000|1|1000|0|0|1|0.05|0|1000|0|
C0401|UF39466106|20251113|17:53:52|16070446|長興路加油站有限公司|02696814|02696814|07|0||||Y||9787|AD BLUE|9.00|19.0|171|1|163|0|0|1|0.05|8|171|0|
C0401|UF39469051|20251113|17:54:52|16070446|長興路加油站有限公司|0000000000|0000|07|0||||Y||6527|95Plus無鉛|27.98|28.6|800|1|800|0|0|1|0.05|0|800|0|
C0401|UF39469052|20251113|17:58:53|16070446|長興路加油站有限公司|0000000000|0000|07|0||||Y||1831|95Plus無鉛|17.49|28.6|500|1|500|0|0|1|0.05|0|500|0|
C0401|UF39469053|20251113|17:59:01|16070446|長興路加油站有限公司|0000000000|0000|07|0||||Y||2228|95Plus無鉛|17.48|28.6|500|1|500|0|0|1|0.05|0|500|0|
C0401|UF39469050|20251113|17:53:33|16070446|長興路加油站有限公司|0000000000|0000|07|0||||Y||4125|95Plus無鉛|30.09|28.6|801|1|801|0|0|1|0.05|0|801|60|
C0401|UF39468150|20251113|18:04:37|16070446|長興路加油站有限公司|0000000000|0000|07|0|3J0002|/C4T895X|/C4T895X|N||2025|95Plus無鉛|30.09|28.6|801|1|801|0|0|1|0.05|0|801|60|
C0401|UF39469054|20251113|18:14:19|16070446|長興路加油站有限公司|0000000000|0000|07|0||||Y||8101|95Plus無鉛|3.50|28.6|100|1|100|0|0|1|0.05|0|100|0|
C0401|UF39469055|20251113|18:15:15|16070446|長興路加油站有限公司|0000000000|0000|07|0||||Y||8800|95Plus無鉛|3.49|28.6|100|1|100|0|0|1|0.05|0|100|0|
C0401|UF39469056|20251113|18:26:51|16070446|長興路加油站有限公司|23599845|23599845|07|0||||Y||7931|98無鉛|49.89|30.6|1527|1|1454|0|0|1|0.05|73|1527|0|1198
C0401|UF39466107|20251113|18:35:32|16070446|長興路加油站有限公司|28045204|28045204|07|0||||Y||0399|柴油|48.01|25.5|1200|1|1143|0|0|1|0.05|57|1200|24|
C0401|UF39469057|20251113|18:36:25|16070446|長興路加油站有限公司|0000000000|0000|07|0||||Y||2100|95Plus無鉛|17.48|28.6|500|1|500|0|0|1|0.05|0|500|0|
C0401|UF39469058|20251113|18:38:35|16070446|長興路加油站有限公司|0000000000|0000|07|0||||Y||7905|92無鉛|3.32|27.1|90|1|90|0|0|1|0.05|0|90|0|
C0401|UF39469059|20251113|18:40:23|16070446|長興路加油站有限公司|0000000000|0000|07|0||||Y||4832|92無鉛|3.68|27.1|100|1|100|0|0|1|0.05|0|100|0|
C0401|UF39469060|20251113|18:40:31|16070446|長興路加油站有限公司|0000000000|0000|07|0||||Y||1335|95Plus無鉛|34.95|28.6|1000|1|1000|0|0|1|0.05|0|1000|0|
C0401|UF39469061|20251113|18:42:30|16070446|長興路加油站有限公司|84882203|84882203|07|0||||Y||8505|95Plus無鉛|38.41|28.6|1098|1|1046|0|0|1|0.05|52|1098|0|9343
C0401|UF39469062|20251113|18:43:36|16070446|長興路加油站有限公司|0000000000|0000|07|0||||Y||3307|95Plus無鉛|6.30|28.6|180|1|180|0|0|1|0.05|0|180|0|
C0401|UF39469063|20251113|18:45:23|16070446|長興路加油站有限公司|0000000000|0000|07|0||||Y||2424|98無鉛|3.27|30.6|100|1|100|0|0|1|0.05|0|100|0|
C0401|UF39469064|20251113|18:50:31|16070446|長興路加油站有限公司|0000000000|0000|07|0||||Y||1459|95Plus無鉛|3.32|28.6|95|1|95|0|0|1|0.05|0|95|0|
C0401|UF39469065|20251113|18:52:34|16070446|長興路加油站有限公司|0000000000|0000|07|0||||Y||6685|95Plus無鉛|30.01|28.6|858|1|858|0|0|1|0.05|0|858|0|
C0401|UF39469066|20251113|19:15:15|16070446|長興路加油站有限公司|05991228|05991228|07|0||||Y||5465|95Plus無鉛|10.00|28.6|286|1|272|0|0|1|0.05|14|286|0|
C0401|UF39469067|20251113|19:45:11|16070446|長興路加油站有限公司|0000000000|0000|07|0||||Y||1712|95Plus無鉛|3.86|28.6|110|1|110|0|0|1|0.05|0|110|0|
C0401|UF39469068|20251113|19:54:39|16070446|長興路加油站有限公司|0000000000|0000|07|0||||Y||1327|92無鉛|3.70|27.1|100|1|100|0|0|1|0.05|0|100|0|
C0401|UF39469069|20251113|20:07:20|16070446|長興路加油站有限公司|0000000000|0000|07|0||||Y||0155|95Plus無鉛|2.98|28.6|85|1|85|0|0|1|0.05|0|85|0|
C0401|UF39469070|20251113|20:10:31|16070446|長興路加油站有限公司|0000000000|0000|07|0||||Y||1645|95Plus無鉛|3.50|28.6|100|1|100|0|0|1|0.05|0|100|0|
C0401|UF39469071|20251113|20:13:51|16070446|長興路加油站有限公司|0000000000|0000|07|0|3J0002|/85K6J88|/85K6J88|N||5396|95Plus無鉛|6.10|28.6|175|1|175|0|0|1|0.05|0|175|0|0608
C0401|UF39469072|20251113|20:14:46|16070446|長興路加油站有限公司|0000000000|0000|07|0||||Y||8587|95Plus無鉛|4.30|28.6|123|1|123|0|0|1|0.05|0|123|0|
C0401|UF39469073|20251113|20:16:36|16070446|長興路加油站有限公司|0000000000|0000|07|0||||Y||3903|95Plus無鉛|3.49|28.6|100|1|100|0|0|1|0.05|0|100|0|
C0401|UF39469074|20251113|20:17:25|16070446|長興路加油站有限公司|0000000000|0000|07|0||||Y||3125|95Plus無鉛|3.14|28.6|90|1|90|0|0|1|0.05|0|90|0|
C0401|UF39469075|20251113|20:19:52|16070446|長興路加油站有限公司|0000000000|0000|07|0||||Y||4875|95Plus無鉛|4.22|28.6|121|1|121|0|0|1|0.05|0|121|0|
C0401|UF39469076|20251113|20:20:22|16070446|長興路加油站有限公司|0000000000|0000|07|0||||Y||2147|95Plus無鉛|40.95|28.6|1171|1|1171|0|0|1|0.05|0|1171|0|8405
C0401|UF39469077|20251113|20:21:16|16070446|長興路加油站有限公司|0000000000|0000|07|0||||Y||7407|95Plus無鉛|3.49|28.6|100|1|100|0|0|1|0.05|0|100|0|
C0401|UF39469078|20251113|20:21:59|16070446|長興路加油站有限公司|0000000000|0000|07|0||||Y||9877|95Plus無鉛|3.48|28.6|100|1|100|0|0|1|0.05|0|100|0|
C0401|UF39469079|20251113|20:22:41|16070446|長興路加油站有限公司|0000000000|0000|07|0||||Y||6514|95Plus無鉛|5.42|28.6|155|1|155|0|0|1|0.05|0|155|0|
C0401|UF39469080|20251113|20:31:22|16070446|長興路加油站有限公司|0000000000|0000|07|0||||Y||8235|95Plus無鉛|2.45|28.6|70|1|70|0|0|1|0.05|0|70|0|
C0401|UF39469081|20251113|20:34:30|16070446|長興路加油站有限公司|86095841|86095841|07|0||||Y||8305|98無鉛|60.65|30.6|1856|1|1768|0|0|1|0.05|88|1856|0|5211
C0401|UF39469082|20251113|20:40:43|16070446|長興路加油站有限公司|0000000000|0000|07|0|3J0002|/TF9GVCL|/TF9GVCL|N||9001|98無鉛|32.67|30.6|1000|1|1000|0|0|1|0.05|0|1000|0|9577
C0401|UF39469083|20251113|20:41:15|16070446|長興路加油站有限公司|0000000000|0000|07|0||||Y||7020|95Plus無鉛|10.48|28.6|300|1|300|0|0|1|0.05|0|300|0|7856
C0401|UF39469084|20251113|20:47:38|16070446|長興路加油站有限公司|0000000000|0000|07|0||||Y||0467|92無鉛|18.46|27.1|500|1|500|0|0|1|0.05|0|500|0|
C0401|UF39469085|20251113|20:49:56|16070446|長興路加油站有限公司|0000000000|0000|07|0||||Y||5735|95Plus無鉛|2.44|28.6|70|1|70|0|0|1|0.05|0|70|0|
C0401|UF39469086|20251113|21:02:03|16070446|長興路加油站有限公司|0000000000|0000|07|0||||Y||4933|95Plus無鉛|34.95|28.6|930|1|930|0|0|1|0.05|0|930|70|
C0401|UF39469087|20251113|21:04:01|16070446|長興路加油站有限公司|0000000000|0000|07|0||||Y||4362|95Plus無鉛|3.50|28.6|100|1|100|0|0|1|0.05|0|100|0|
C0401|UF39469088|20251113|21:04:45|16070446|長興路加油站有限公司|0000000000|0000|07|0||||Y||4635|95Plus無鉛|4.89|28.6|140|1|140|0|0|1|0.05|0|140|0|
C0401|UF39469089|20251113|21:06:05|16070446|長興路加油站有限公司|0000000000|0000|07|0||||Y||9320|95Plus無鉛|4.55|28.6|130|1|130|0|0|1|0.05|0|130|0|
C0401|UF39469090|20251113|21:07:21|16070446|長興路加油站有限公司|27839091|27839091|07|0||||Y||4365|95Plus無鉛|33.21|28.6|950|1|905|0|0|1|0.05|45|950|0|
C0401|UF39469091|20251113|21:11:45|16070446|長興路加油站有限公司|0000000000|0000|07|0||||Y||9670|95Plus無鉛|47.82|28.6|1368|1|1368|0|0|1|0.05|0|1368|0|8040
C0401|UF39469092|20251113|21:19:04|16070446|長興路加油站有限公司|0000000000|0000|07|0||||Y||1643|95Plus無鉛|34.96|28.6|1000|1|1000|0|0|1|0.05|0|1000|0|
C0401|UF39469093|20251113|21:26:14|16070446|長興路加油站有限公司|0000000000|0000|07|0||||Y||9577|92無鉛|5.72|27.1|155|1|155|0|0|1|0.05|0|155|0|
C0401|UF39469094|20251113|21:30:38|16070446|長興路加油站有限公司|0000000000|0000|07|0||||Y||8047|95Plus無鉛|4.53|28.6|130|1|130|0|0|1|0.05|0|130|0|
C0401|UF39469095|20251113|21:34:03|16070446|長興路加油站有限公司|92688462|92688462|07|0||||Y||0760|95Plus無鉛|41.25|28.6|1180|1|1124|0|0|1|0.05|56|1180|0|
C0401|UF39469096|20251113|21:42:41|16070446|長興路加油站有限公司|0000000000|0000|07|0||||Y||6611|92無鉛|3.32|27.1|90|1|90|0|0|1|0.05|0|90|0|
